username, created_at, lng, lat, text
RussellKimball9, Fri Feb 05 19:42:17 +0000 2021, -122.285462, 47.206440, @StSabinaSteele Just followed you on many vids 
StableG00111688, Fri Feb 05 19:42:18 +0000 2021, -123.358379, 48.426730, What an epic loss. 
hannahhussle, Fri Feb 05 19:42:19 +0000 2021, -120.882482, 47.273022, üòÇüòÇüòÇüòÇ 
missgemmaeve, Fri Feb 05 19:42:24 +0000 2021, -122.330602, 47.614817, after spending literally two hours trying to find parking and missing class for it, i parked in a garage and spent‚Ä¶ https://t.co/M1KsjJPkDx 
steveh365, Fri Feb 05 19:42:26 +0000 2021, -120.882482, 47.273022, ‚ú® There‚Äôs a special referral event going on in the #Webull mobile app üòç Participate to win awesome prizes! https://t.co/VQGCXTopNq 
EatMagazine, Fri Feb 05 19:42:32 +0000 2021, -123.364500, 48.428700, Just posted a photo @ Victoria, British Columbia https://t.co/CBFW5n11sv 
tmj_IDN_retail, Fri Feb 05 19:43:01 +0000 2021, -116.588876, 43.610631, Bed Bath &amp; Beyond is hiring in Nampa, ID! Read about our latest #Retail job opening via the link in our bio: Retail‚Ä¶ https://t.co/FZQXcdrHN0 
Justice_sf14, Fri Feb 05 19:45:52 +0000 2021, -122.074875, 47.743503, @nikkiii_x0 YES! amazes me every damn time 
terileemcclain, Fri Feb 05 19:45:57 +0000 2021, -122.330602, 47.614817, Can all news stations from Washington State down to California, across to Florida and up to Maine tell tv viewers:‚Ä¶ https://t.co/IF0fgFgi1i 
ivy_malone, Fri Feb 05 19:45:59 +0000 2021, -122.330602, 47.614817, If I‚Äôve been avoiding you it‚Äôs because of one of two things:1) I just got tested for covid2) I‚Äôm avoiding you 
FridayTea, Fri Feb 05 19:46:07 +0000 2021, -122.330602, 47.614817, Do you enjoy friendship and small businesses and BONKERS stories? Yeah, we got those. Thank you to @LightheartAdv f‚Ä¶ https://t.co/xS93Kl791X 
Chimaera000, Fri Feb 05 19:46:09 +0000 2021, -120.583402, 44.145437, When I was maybe ten I read a book about Victorian jockey Fred Archer, who was referred to throughout as "Uncle F--‚Ä¶ https://t.co/Ww7kpb26Nf 
tmj_wa_eng, Fri Feb 05 19:46:13 +0000 2021, -122.171758, 47.615044, Oracle is looking for teammates like you. See our latest #Engineering job openings, including "Oracle Solution Engi‚Ä¶ https://t.co/H7jvByaied 
PalaceLaw, Fri Feb 05 19:46:25 +0000 2021, -122.544736, 47.215098, @sglassmeyer @JoshuaLenon Thank you @sglassmeyer üôè 
yakimajack50, Fri Feb 05 19:46:31 +0000 2021, -120.529760, 46.594223, I do like what President Biden is doing. But here in Yakima it‚Äôs not the troops we need. It‚Äôs not to help with nurs‚Ä¶ https://t.co/TOJm9YSYKL 
BlackSeaTruck, Fri Feb 05 19:46:34 +0000 2021, -122.164527, 48.088757, Sometimes you just want a good ole juicy cheezy burger. Find us tonight at @cruciblebrewing for #foodtruckfriday fr‚Ä¶ https://t.co/0HPJHDijvj 
terileemcclain, Fri Feb 05 19:46:43 +0000 2021, -122.330602, 47.614817, @oprahmagazine This family is : ü§©ü§©ü§© https://t.co/MMbLfMUpCv 
gmblake, Fri Feb 05 19:46:46 +0000 2021, -120.583402, 44.145437, @JHopkinsSD @CoachMirabal is an absolute class act! Met him in a Vegas elevator and he recognized me at the grocery‚Ä¶ https://t.co/30SiHhRqJa 
Austin76162286, Fri Feb 05 19:46:50 +0000 2021, -120.583402, 44.145437, @randy_caplinger thanks for following me Randy you are awesome üòé 
DrKSampsell, Fri Feb 05 19:46:54 +0000 2021, -122.489100, 48.198639, And a really great crossword from Eric Agard today. Erudite, just the way I like them. #NYTXW 
devankhoma, Fri Feb 05 19:47:12 +0000 2021, -117.434547, 47.667438, Padres NL West Champs confirmed 
shadieeerose, Fri Feb 05 19:47:14 +0000 2021, -120.446272, 46.597350, I was DREADING weighing in today because I had cheat meals all throughout my birthday weekend but I‚Äôm still down a‚Ä¶ https://t.co/ub8LqbVmcY 
ChrisSwain3311, Fri Feb 05 19:47:21 +0000 2021, -120.583402, 44.145437, Am I the only one that doesn‚Äôt want the Mets to sign Bauer. If the numbers I‚Äôm seeing are correct. There is no way‚Ä¶ https://t.co/PYUHDGX1iG 
AllisonLWoods, Fri Feb 05 19:47:23 +0000 2021, -120.882482, 47.273022, @RonSteslow can you add @Politicologypod to Spotify plz? 
tbtltheresa007, Fri Feb 05 19:47:28 +0000 2021, -122.330602, 47.614817, @jaketapper @mattgaetz That was a very inappropriate thing to say. Ew. 
pickedflowers, Fri Feb 05 19:47:35 +0000 2021, -120.882482, 47.273022, @yungoatmeal Tap room tonight babeeee 
opiejeanne, Fri Feb 05 19:47:42 +0000 2021, -122.074875, 47.743503, @psddluva4evah Thanks. We‚Äôve only watched the first two, saving up for a binge. 
DrKSampsell, Fri Feb 05 19:47:51 +0000 2021, -122.489100, 48.198639, @sippikj @OakStreetHealth Huzzah! 
yakimajack50, Fri Feb 05 19:47:51 +0000 2021, -120.529760, 46.594223, I know it‚Äôs almost impossible to put out something you don‚Äôt have. Let‚Äôs get the vaccine out even if we have to mak‚Ä¶ https://t.co/5FU032wn56 
SRTMC, Fri Feb 05 19:47:51 +0000 2021, -118.514457, 48.598877, Updated: SR 20, Sherman Pass is: compact snow and ice, with slush in places. Traction tires are advised, oversize loads prohibited. 
sugermew, Fri Feb 05 19:47:54 +0000 2021, -122.315290, 47.517643, Im Here Till 3:30 üíïlocation tagged https://t.co/FCjOZXAuld 
AndreGM10, Fri Feb 05 19:47:58 +0000 2021, -122.330602, 47.614817, @WPDigital2 @90sfootball @robertmdaws @RothmansYears @FootballInT80s @PiolinCementero üîù 
Ashleyirene9, Fri Feb 05 19:48:18 +0000 2021, -119.279662, 46.258178, Asher Roth is underrated https://t.co/wiYtExmUTZ 
hatrik10, Fri Feb 05 19:48:19 +0000 2021, -122.437379, 47.305305, 100% Proof is the answer!......... If the question is ‚Äúwhat‚Äôs Mike been drinking?‚Äù 
mikechiliparlor, Fri Feb 05 19:48:24 +0000 2021, -122.330602, 47.614817, Get your Super Bowl Chili early. We are here for you Friday 11-9 and Saturday noon-9. https://t.co/vbCB9i0Pow 
kevphx83, Fri Feb 05 19:48:25 +0000 2021, -120.882482, 47.273022, As we ¬†honor #BlackHistoryMonth¬†¬†, I would like to acknowledge the contributions made by Fritz Pollard. The @NFL 1s‚Ä¶ https://t.co/GvpT0xeCrM 
AnnaOmmen, Fri Feb 05 19:48:29 +0000 2021, -122.506779, 47.157103, Thank You @SenSchumer and @KamalaHarris ‚ù§‚ù§‚ù§üôèüôèüôè 
RussellKimball9, Fri Feb 05 19:48:41 +0000 2021, -122.285462, 47.206440, @StSabinaSteele Yw love 
tmj_IDT_jobs, Fri Feb 05 19:48:43 +0000 2021, -112.014373, 43.423321, See our latest Idaho Falls, ID #Healthcare job opportunity and click the link in our bio to apply: Pharmacy Technic‚Ä¶ https://t.co/nL2ldgQVRT 
ahammTNT, Fri Feb 05 19:48:43 +0000 2021, -122.455344, 47.242960, https://t.co/PnFUrQXzuS 
angelbl000d, Fri Feb 05 19:48:44 +0000 2021, -122.330602, 47.614817, @morgannmackk i literally just found the whole thing so slow and boring i couldn‚Äôt get like 20 min in 
sonialexandra, Fri Feb 05 19:48:45 +0000 2021, -122.330602, 47.614817, @stonewall1312 Don‚Äôt make me tap the sign... 
GOLDENGSTRlNG, Fri Feb 05 19:48:48 +0000 2021, -122.330602, 47.614817, I literally have never related to anything harder actually 
ahammTNT, Fri Feb 05 19:48:55 +0000 2021, -122.455344, 47.242960, DOYERS 
TheWineAlley, Fri Feb 05 19:49:03 +0000 2021, -122.149380, 47.445400, @drumrollwine back in stock! @ The Wine Alley https://t.co/tQS3NSzyiY 
Pengologist, Fri Feb 05 19:49:04 +0000 2021, -122.330602, 47.614817, 0.48 @CharityMiles for @nature_org.https://t.co/52VAflEhUrhttps://t.co/s1GUddKcZC https://t.co/qWBOpNdcOW 
cameronnjade, Fri Feb 05 19:49:25 +0000 2021, -122.765409, 47.039416, ppl that stay in shelton by choice are vv unnerving 
Chimaera000, Fri Feb 05 19:49:28 +0000 2021, -120.583402, 44.145437, @KikiDoodleTweet https://t.co/QYRduwtsmG 
ajaymarshall, Fri Feb 05 19:49:35 +0000 2021, -122.330800, 47.604600, We just dropped the music video for Come Clean!! Hit the link in our bio to watch the full vid!!ü§òüèªü§òüèª üé•‚Ä¶ https://t.co/BvcNTEgYz6 
badandytweets, Fri Feb 05 19:49:42 +0000 2021, -122.330602, 47.614817, @TophGames Toph ü•∫ I am always down to play games with you. 
krissymmurphy, Fri Feb 05 19:50:56 +0000 2021, -120.882482, 47.273022, üôåüôåüôåüôåüôå @jilliankmf 
AnnaOmmen, Fri Feb 05 19:50:59 +0000 2021, -122.506779, 47.157103, Hey @HarryJLennix Martian Manhunter your planet Mars is Amazing üëÄ 
carrieeleen, Fri Feb 05 19:51:00 +0000 2021, -122.330602, 47.614817, i know it‚Äôs all there i don‚Äôt gotta look back at it üòú*proceeds to look back at it* @mulatto https://t.co/CZI8KJxOoQ 
ElParienteGranD, Fri Feb 05 19:51:09 +0000 2021, -122.244980, 47.386370, Pa toda la Rancherada brava que nos sintoniza los viernes. Un Abrazon Xingon .#LaGranDRadio #LaRadioDeSeattle‚Ä¶ https://t.co/eAbmwpi1nF 
pickedflowers, Fri Feb 05 19:51:15 +0000 2021, -120.882482, 47.273022, @braydensonline Okay why do I feel this so deeply though 
Coachvolleyball, Fri Feb 05 19:51:24 +0000 2021, -122.426906, 47.089585, @luckyjen1128 But neither is Ms. Peacockü§îü§îü§î https://t.co/T3iK1XKziA 
Chimaera000, Fri Feb 05 19:51:37 +0000 2021, -120.583402, 44.145437, @cmpriest @KBSpangler I absolutely support you being careful. All of you. 
Pengologist, Fri Feb 05 19:51:42 +0000 2021, -122.330602, 47.614817, @PattyMurray I've worked every day since the pandemic began. I'm working today. I was given a $5 @Starbucks gift‚Ä¶ https://t.co/yPjHSIH4e8 
yakimajack50, Fri Feb 05 19:51:52 +0000 2021, -120.529760, 46.594223, I think Al Franklin Should be drafted into the Democratic Party again. Bring Al Franklin back.  For what he did is‚Ä¶ https://t.co/wEFsM6DT0v 
ScubaSteve_33, Fri Feb 05 19:52:05 +0000 2021, -117.282735, 47.649746, https://t.co/9X2xkJwfwY 
Austin76162286, Fri Feb 05 19:52:07 +0000 2021, -120.583402, 44.145437, 10 days without a cigarette üö¨ #LivingTobaccoFree üö≠ 4 days away from the two week Mark.  I'll be out of quarantine‚Ä¶ https://t.co/tZ84AXFRpw 
thealexfraserr, Fri Feb 05 19:52:13 +0000 2021, -120.882482, 47.273022, do what you say you‚Äôre going to do 
chriswarden420, Fri Feb 05 19:52:25 +0000 2021, -123.370838, 48.496225, R.I.P. General Kang üòû 
luthermcginnis, Fri Feb 05 19:52:32 +0000 2021, -122.227000, 47.382700, They‚Äôre being so nice to me at work..lol Last week vibes...Look at these prizes that I won.I can take these to C‚Ä¶ https://t.co/EzTmezNb3P 
hellonature, Fri Feb 05 19:52:50 +0000 2021, -123.480062, 48.426763, @smithers1972 @CBCNews You are a piece of garbage for supporting terrorism. 
ColleenLindsay, Fri Feb 05 19:52:51 +0000 2021, -122.330602, 47.614817, @Nnedi @PeriwinkleChuk1 The cat has opinions. 
terileemcclain, Fri Feb 05 19:52:53 +0000 2021, -122.330602, 47.614817, We are going to need some good patriots to infiltrate the ranks of every white supremacy group and report on what‚Äôs‚Ä¶ https://t.co/Hx1tJ2fcbC 
benjvminlong, Fri Feb 05 19:53:03 +0000 2021, -122.330602, 47.614817, i feel kinda bad for all the linkedin messages i never replied to cause it takes some courage to reach out to a com‚Ä¶ https://t.co/4LZLD5mz4r 
1cocteau_twin, Fri Feb 05 19:53:14 +0000 2021, -122.231788, 47.959950, @braymuk @ByNemesisLabs @TehPirate_ UwU Thank u for thinking of me bway  ‚ù§Ô∏è 
TheManuelBrown, Fri Feb 05 19:53:22 +0000 2021, -122.515936, 47.229863, DAMN IT!!!! 
chompy_jr, Fri Feb 05 19:53:31 +0000 2021, -120.882482, 47.273022, Proof of life. COVID fluff retreating. #asshole #bathroom #selfie #proofoflife #fcf badass hat by @RevolutionArt2 
E2EJobs, Fri Feb 05 19:53:34 +0000 2021, -122.478445, 47.241954, Start here. How far you go is up to you. Join the team today! Now hiring: Lab Technician 1 - AM and PM in #Tacoma,‚Ä¶ https://t.co/3guO5AaZNS 
thisguytoph, Fri Feb 05 19:53:38 +0000 2021, -120.583402, 44.145437, @joshbednash Even if we set aside the sole of the foot issue for a moment...Thiago doesn‚Äôt turn into pressure here.‚Ä¶ https://t.co/ZlJLf2BYeZ 
Pengologist, Fri Feb 05 19:53:43 +0000 2021, -122.330602, 47.614817, @PattyMurray I am an essential worker, helping to keep the supply chain working, and helping to safeguard others wh‚Ä¶ https://t.co/FmxrWVQFKh 
13throgue, Fri Feb 05 19:53:49 +0000 2021, -122.231788, 47.959950, Found a box full of these. I should sell these. https://t.co/JzmV87vknn 
chompy_jr, Fri Feb 05 19:54:07 +0000 2021, -120.882482, 47.273022, @MightyFeklhr The sign says so. So yes! 
jrmyslv, Fri Feb 05 19:54:11 +0000 2021, -122.390912, 47.668330, @CashApp $jrmyslv 
HSNCareers, Fri Feb 05 19:54:14 +0000 2021, -122.349745, 47.615247, See our latest #Seattle, WA job and click to apply: Software Engineer II - AMP - https://t.co/2lhrCRND0i #IT 
nickforbrains, Fri Feb 05 19:54:15 +0000 2021, -122.178297, 47.325447, I can't work out why MyPillow guy is *that* rich off PILLOWS. It don't make sense. 
Jo99137164, Fri Feb 05 19:54:16 +0000 2021, -114.143262, 45.494552, @nprpolitics Obviously electing Reps,won't work fortheir constituents, their still afraid of trump,they are not g‚Ä¶ https://t.co/LKctmzdZTn 
DKramer_, Fri Feb 05 19:54:22 +0000 2021, -120.882482, 47.273022, The rich get richer. 
yakimajack50, Fri Feb 05 19:54:22 +0000 2021, -120.529760, 46.594223, Well he even change the whole party. Once called the republican party. Is now called you got it the GQP. They are n‚Ä¶ https://t.co/x7SJTlf9GL 
tmj_WAT_LABOR, Fri Feb 05 19:54:25 +0000 2021, -122.347380, 47.232412, We're hiring! Read about our latest job opening here: Tractor Technician - https://t.co/LgzzxqQJ7N #Labor #Tacoma, WA 
tmj_usa_sales, Fri Feb 05 19:54:25 +0000 2021, -120.740139, 47.751074, Have you ever had a role like "Sales Representative for Summit Surgical"? What did you like most about that job?‚Ä¶ https://t.co/BU4AlRqd6t 
Austin76162286, Fri Feb 05 19:54:29 +0000 2021, -120.583402, 44.145437, #WolfCreekWelding my boss's names are Jeff and Mike. By next Sunday I'll be back in the welding shop. https://t.co/sSqINFsXfc 
terileemcclain, Fri Feb 05 19:54:30 +0000 2021, -122.330602, 47.614817, @Phil_Mattingly @bells110 @VP Bravo ( from last week ) https://t.co/5OT64TuGxa 
TheManuelBrown, Fri Feb 05 19:54:32 +0000 2021, -122.515936, 47.229863, Once the Dodgers got in the conversation you knew the Mets were in trouble. 
emmalarkins, Fri Feb 05 19:54:33 +0000 2021, -122.330602, 47.614817, This is exactly what people need to hear. Communities are a reflection and responsibility of those who build them.‚Ä¶ https://t.co/UjVG1KlCPL 
SandRaider25, Fri Feb 05 19:54:34 +0000 2021, -120.583402, 44.145437, @BleacherNation I thought ownership (across all MLB) was too broke to pay? Or is that just a Cubs thing? 
kevphx83, Fri Feb 05 19:54:43 +0000 2021, -117.581930, 47.489532, @DBCOOPCWUFB Holding it down!‚úäüèøüíØ 
Herronisland, Fri Feb 05 19:54:51 +0000 2021, -120.882482, 47.273022, Dear attorneys:  I listened to one of their free CLEs and it was excellent and worth my time 
Karely_93, Fri Feb 05 19:54:55 +0000 2021, -120.583402, 44.145437, @fuego94 @itzayanagee Right it‚Äôs the fact that we took the extra steps to sneak it in üòÇüòÇ 
kittytat65, Fri Feb 05 19:54:57 +0000 2021, -120.882482, 47.273022, @DrewMcfarlane Thank you so much!!!üíúüíôüíöüß°‚ù§ 
badandytweets, Fri Feb 05 19:54:59 +0000 2021, -122.330602, 47.614817, @simplesammy @Twitch OMG congrats! This is wonderful news! üëèüèªüëèüèªüëèüèªüëèüèª 
nd_queen22, Fri Feb 05 19:55:00 +0000 2021, -122.150570, 48.168642, @Soundtechdez Nice beautiful 
Dj_NuggyNugg, Fri Feb 05 19:55:07 +0000 2021, -122.455344, 47.242960, https://t.co/PUdR6DWOoL 
zzvnee, Fri Feb 05 19:55:08 +0000 2021, -122.330602, 47.614817, Anyone else casually rail nose beers and forget what they snap people? Sickk 
hatrik10, Fri Feb 05 19:55:14 +0000 2021, -122.437379, 47.305305, @THEChrisKessell ‚ÄúYou can only spend your wages at our online company store. We‚Äôre going to call this Shitcoin‚Äù 
Karely_93, Fri Feb 05 19:55:19 +0000 2021, -120.583402, 44.145437, I‚Äôm craving Mexican bread ü§§ 
tmj_IDB_sales, Fri Feb 05 19:55:24 +0000 2021, -115.834554, 43.828505, We're hiring! Read about our latest job opening here: Dollar Tree - Sales Floor Associate $16-$35/hr -‚Ä¶ https://t.co/gIWqs5a3mO 
D1dain, Fri Feb 05 19:55:33 +0000 2021, -122.923516, 47.064528, 12 days :) 
cole_bertsche, Fri Feb 05 19:55:45 +0000 2021, -117.434547, 47.667438, Wtf... 
owlsrcute, Fri Feb 05 19:55:46 +0000 2021, -122.330602, 47.614817, @LindseyOtta Hahaha! Same. 
cjdahl, Fri Feb 05 19:55:51 +0000 2021, -122.330602, 47.614817, @IlhanMN Judy basks in the shade. https://t.co/TKC0BW0QMk 
terileemcclain, Fri Feb 05 19:55:53 +0000 2021, -122.330602, 47.614817, Stay off drugs folks! Seattle is a prime example. Folks are walking around like zombies 
jw_pincus, Fri Feb 05 19:55:56 +0000 2021, -122.232754, 47.565392, @AJCGlobal @ScottSingerUSA @usmayors @AJCGlobal do you have resources to contact or text to send to mayors who have‚Ä¶ https://t.co/5jfUvuAYty 
romano47, Fri Feb 05 19:56:02 +0000 2021, -122.455344, 47.242960, ‚ÄúMade of desert, we arecontingencies in this country.We are told to move out of the wayor be remade. I warn her‚Ä¶ https://t.co/e7XgQRWDrx 
deathcab4booty, Fri Feb 05 19:57:20 +0000 2021, -122.330602, 47.614817, @gaporwave you‚Äôre so cute 
gavrielle_music, Fri Feb 05 19:57:27 +0000 2021, -122.330602, 47.614817, Congrats to the homie @TepNoMusic on release day üå¥üå¥üå¥ https://t.co/NnScVjl5sz 
KelliX84, Fri Feb 05 19:57:28 +0000 2021, -122.205946, 47.773496, @tonypicinich @DevilsInsiders It not false as the majority of epidemiologists are saying the COVID-19 category 5 hu‚Ä¶ https://t.co/xIUNj8j9hw 
double_whammied, Fri Feb 05 19:57:28 +0000 2021, -122.330602, 47.614817, This makes me really happy. 
Herronisland, Fri Feb 05 19:57:32 +0000 2021, -120.882482, 47.273022, I was under the impression that Jordan failed the exam. 
CjgbVictoria, Fri Feb 05 19:57:35 +0000 2021, -123.358379, 48.426730, Mediaeval ethnogenesis: "Its constant weaponisation (with rightists boiling it down to a rigid, stable biological e‚Ä¶ https://t.co/EDLvmK8T48 
plr_jrx, Fri Feb 05 19:57:36 +0000 2021, -120.539923, 46.993279, ü§ê 
Brittany_annnn1, Fri Feb 05 19:57:40 +0000 2021, -120.583402, 44.145437, Please pray for my dad. His liver isn‚Äôt doing well üò≠üôèüíô 
scotbull1, Fri Feb 05 19:57:42 +0000 2021, -123.589515, 46.984521, @TracyTTraffic Go Clark 
everyEarthquake, Fri Feb 05 19:57:52 +0000 2021, -121.910000, 46.881333, USGS reports a M1.36 earthquake, 16 km NE of Ashford, Washington on 2/5/21 @ 7:47:32 UTC https://t.co/XVN5VsqcNK #earthquake 
SamIamLax, Fri Feb 05 19:58:00 +0000 2021, -122.330602, 47.614817, He will be missed. üò¢ 
gavrielle_music, Fri Feb 05 19:58:10 +0000 2021, -122.330602, 47.614817, Congrats to the homie @TepNoMusic on release day üå¥https://t.co/NnScVjl5sz 
redhawkdining, Fri Feb 05 19:58:18 +0000 2021, -122.330602, 47.614817, With the #SuperBowl this weekend The Secret Menu is upping its game! üèàüèâüèà What team or dish do you think will win?‚Ä¶ https://t.co/WU16HntTKz 
emilliedtke, Fri Feb 05 19:58:21 +0000 2021, -122.171287, 47.231717, No weak or soft here! Let's go! 
VSimmon72907992, Fri Feb 05 19:58:21 +0000 2021, -122.201905, 47.680319, @SamHeughan Or both 
cjbrinton, Fri Feb 05 19:58:22 +0000 2021, -122.357773, 47.818623, Bauer is too old to be pulling this schtick 
badandytweets, Fri Feb 05 19:58:23 +0000 2021, -122.330602, 47.614817, @Rnbw_Arcade @CriticalBard Yes!!!! We have no choice but to tune in. ‚ú®üôåüèª‚ú® 
thisguytoph, Fri Feb 05 19:58:26 +0000 2021, -120.583402, 44.145437, @joshbednash ...by subverting expectations. But it starts by understanding basic concepts exceptionally well. 
kezeofficial, Fri Feb 05 19:58:35 +0000 2021, -117.434547, 47.667438, i only have one jokepenis 
Herronisland, Fri Feb 05 19:58:42 +0000 2021, -120.882482, 47.273022, Four great attachments! 
kayburk65246477, Fri Feb 05 19:58:44 +0000 2021, -122.330602, 47.614817, @ProjectLincoln Ok good. Thanks Lincoln Project. 
sa_mamea, Fri Feb 05 19:58:48 +0000 2021, -122.334461, 47.307568, @trewest_0501 Love you Aceyüò≠üò≠knowing you? you was all about ur mom. Acey sau kakou eva n u always say i cant gotta‚Ä¶ https://t.co/vA9WANzXQs 
AcabJackson, Fri Feb 05 19:58:51 +0000 2021, -122.330602, 47.614817, Question: What is the first thing that comes to mind when one thinks of Vermont? 
yakimajack50, Fri Feb 05 19:58:53 +0000 2021, -120.529760, 46.594223, The problem with buying a big con is that Is bitcoin. It is worse than the stock market. There is nothing in there.‚Ä¶ https://t.co/m1AvOk67GF 
somecallmejuic3, Fri Feb 05 19:58:55 +0000 2021, -122.218075, 47.392311, In a minute I‚Äôm about to be really happy or disappointed 
tmj_sea_pharm, Fri Feb 05 19:58:56 +0000 2021, -122.199854, 47.496255, Want to work at CVS Health? We're hiring in #Renton, WA! Click for details: https://t.co/O8CS2UDomo #cvspharmtech 
SoapBoxRocket, Fri Feb 05 19:58:58 +0000 2021, -122.330602, 47.614817, ‚ÄúSpace for Humanity (S4H) - Space and Storytelling‚Äù with @SpaceMeems, @space_rach, @jaredangaza, @DrueKataoka, Luci‚Ä¶ https://t.co/qeMsO8bMU1 
KelliX84, Fri Feb 05 19:59:00 +0000 2021, -122.205946, 47.773496, @tonypicinich @DevilsInsiders Also, because this pandemic is never going to end and we will be under lockdowns prob‚Ä¶ https://t.co/iuttWVLeWa 
bigbear5822, Fri Feb 05 19:59:00 +0000 2021, -122.923516, 47.064528, ??? 
EzioHanitore, Fri Feb 05 19:59:07 +0000 2021, -122.455344, 47.242960, @MPSomerstein @kalesalad bet he didnt even rape his own mother smh üòî 
LindseyTreffry, Fri Feb 05 19:59:12 +0000 2021, -117.434547, 47.667438, Reason No. 1,999 why one of my best friends is @Megan_L_Rowe‚Äôs son. Relatable interactions, such as this oneMe fr‚Ä¶ https://t.co/YXH8FvF80Z 
kezeofficial, Fri Feb 05 19:59:17 +0000 2021, -117.434547, 47.667438, dicks are highkey so gross when they flacid they just be dangling there. like shuttup dummy lol 
klcseattle, Fri Feb 05 19:59:17 +0000 2021, -122.355632, 47.455421, Mmmm! I just received my order of #rubyroyale nuts! So GOOD! @latriceroyale was right. So glad I bought two cans! üíù‚Ä¶ https://t.co/TKguRPoCa7 
MazvitaMaraire, Fri Feb 05 19:59:31 +0000 2021, -122.330602, 47.614817, @AJ_McCord Flexing! https://t.co/tWinWknium 
TheManuelBrown, Fri Feb 05 19:59:33 +0000 2021, -122.515936, 47.229863, Well @Mets fans that was fun. 
pestroud, Fri Feb 05 19:59:46 +0000 2021, -121.912123, 47.879126, @wheezy_dobby @LeahsLounge @TheChargerVoom @pekoeauts @TeaAndRoses21 @VanLathan @RealitySteve @Cosmopolitan‚Ä¶ https://t.co/a9z1hjktR2 
ThomasW68436181, Fri Feb 05 19:59:48 +0000 2021, -122.455344, 47.242960, @RevEnFuego wow!  Just wow.  Episode 5 
summerrhanson, Fri Feb 05 19:59:53 +0000 2021, -122.330602, 47.614817, We are hiring a packaging designer at Eco Collective I have never seen so many applications in such a short amount‚Ä¶ https://t.co/SlRRKMwnFj 
HusbandLauri, Fri Feb 05 19:59:55 +0000 2021, -120.882482, 47.273022, @saferprint @Rubicon1313 @LaurieTraub3 @annelindberg_ @Raymond_LLM @Bentcat700Tx @ionacrv @teeniemartini‚Ä¶ https://t.co/DQ3DjNVtEq 
AnarchoMael, Fri Feb 05 19:59:55 +0000 2021, -122.330602, 47.614817, https://t.co/3yMYUtGBHZ 
SandraDoherty2, Fri Feb 05 19:59:56 +0000 2021, -123.358379, 48.426730, @NickyWoolf My dentist and most of his staff attended a massive (and illegal) dental conference. I had to isolate a‚Ä¶ https://t.co/XIvJ5xHpbw 
VSimmon72907992, Fri Feb 05 20:00:01 +0000 2021, -122.201905, 47.680319, @Outlander_STARZ @SamHeughan Jamie and Claire no question about it. 
bootrot86, Fri Feb 05 20:00:03 +0000 2021, -122.285462, 47.206440, @natewalters__ Lmfao 
AnarchoMael, Fri Feb 05 20:00:11 +0000 2021, -122.330602, 47.614817, @QueenOfElam Brilliant 
doritoscarson, Fri Feb 05 20:00:12 +0000 2021, -120.583402, 44.145437, @carsonlueders sir you have a hickey on your neck https://t.co/oq5lZBK6MX 
Herronisland, Fri Feb 05 20:00:15 +0000 2021, -120.882482, 47.273022, @GrannyRich I will.  I emailed myself a suggestion earlier today 
BJezza1, Fri Feb 05 20:00:18 +0000 2021, -120.537800, 46.593000, New alternator in my big boy Edgar, check for video @ Yakima, Washington https://t.co/KFnVQRsumB 
cjmath, Fri Feb 05 20:00:33 +0000 2021, -122.935226, 46.971318, @seattletico @EverythingGoats üòÇüòÇüòÇüòÇüòÇüòÇüòÇüòÇüòÇüòÇüòÇüòÇ 
LindaBonny, Fri Feb 05 20:00:37 +0000 2021, -120.882482, 47.273022, @MarshaBlackburn Marsha, Marsha Marsha !!!Re-do your hair and makeup! You are way too old for that look! 
froggienana, Fri Feb 05 20:00:42 +0000 2021, -122.231788, 47.959950, @LindenmuthWendi Anywhere but here 
katie_simon5, Fri Feb 05 20:00:44 +0000 2021, -120.583402, 44.145437, if you go under the speed limit in the fast lane.. fuck you 
yakimajack50, Fri Feb 05 20:00:46 +0000 2021, -120.529760, 46.594223, I hate busting The bubble. But the stock market is exactly what it is. It is just like going down to Las Vegas. Or‚Ä¶ https://t.co/I9JhbdDzY4 
bigbear5822, Fri Feb 05 20:00:46 +0000 2021, -122.923516, 47.064528, @FoxNews in addition no masks worn at super spreader events! 
EddieD52548483, Fri Feb 05 20:00:50 +0000 2021, -119.853612, 47.233984, @OKCoin @avalancheavax @avalabsofficial @sevans1227 I registered you for the event. I think you need to sign up for‚Ä¶ https://t.co/nVIPhjHMns 
TheManuelBrown, Fri Feb 05 20:00:54 +0000 2021, -122.515936, 47.229863, It‚Äôs still up fam? Retire! 
kezeofficial, Fri Feb 05 20:00:56 +0000 2021, -117.434547, 47.667438, @JovialNightz i got hella back into fandoms as soon as cons shut down... and i feel so bad... 
everyEarthquake, Fri Feb 05 20:01:00 +0000 2021, -121.761167, 46.852667, USGS reports a M0.32 earthquake, 23 km ENE of Ashford, Washington on 2/5/21 @ 0:38:38 UTC https://t.co/dU2BYNkeRA #earthquake 
AnarchoMael, Fri Feb 05 20:01:06 +0000 2021, -122.330602, 47.614817, @KeithBBergman Wtf ew 
jacquesyawns, Fri Feb 05 20:01:08 +0000 2021, -120.882482, 47.273022, üòÄüòÄüòÄ then she says ‚Äòleave montana‚Äô https://t.co/JIuVW6pXU5 
TrueNorthEmpire, Fri Feb 05 20:01:13 +0000 2021, -117.439251, 47.713428, Your best you, is when you‚Äôre well taken care of. And that‚Äôs up to you to handle. #RealitySoldHere @ True North Me‚Ä¶ https://t.co/0yVmgnHDNu 
terileemcclain, Fri Feb 05 20:01:16 +0000 2021, -122.330602, 47.614817, üòç 
gtprasetyo_, Fri Feb 05 20:01:17 +0000 2021, -122.455344, 47.242960, I watch this before I go to bed. 
parkersaline08, Fri Feb 05 20:01:18 +0000 2021, -122.330602, 47.614817, I don‚Äôt know if I feel attacked or comforted by the new @michiganderband song 
AnujJoshi92, Fri Feb 05 20:01:19 +0000 2021, -123.370838, 48.496225, @MathieuLepageML @ChemicalScience @wulffgroup @CSimhadri108 @LitingBi @DrGinoDiLabio Congratulations everyone !!! 
Madi_Nicolee, Fri Feb 05 20:01:27 +0000 2021, -120.661993, 47.609173, can‚Äôt do no broke ho, they give me allergies ü§ß https://t.co/A21H5eFmpg 
AnarchoMael, Fri Feb 05 20:01:29 +0000 2021, -122.330602, 47.614817, @NoahPaulLeGies So am I 
AlbiCabrera, Fri Feb 05 20:01:33 +0000 2021, -122.330602, 47.614817, @holabelafonte Te lo pido por favorrrrr 
TrueNorthEmpire, Fri Feb 05 20:01:42 +0000 2021, -117.439251, 47.713428, #RealitySoldHere @ True North Mediation https://t.co/jcJTA1rWRK 
jacquesyawns, Fri Feb 05 20:01:42 +0000 2021, -120.882482, 47.273022, üòÄ then she says ‚Äòleave montana‚Äô https://t.co/UrJbG1azex 
EricWTCS, Fri Feb 05 20:01:48 +0000 2021, -122.194398, 47.481598, @dumbandbummer The Aquatic Life really was somethin special famNightcrawler was beyond thrilling. 
yakimajack50, Fri Feb 05 20:01:52 +0000 2021, -120.529760, 46.594223, It‚Äôs time to go after the people that has put this shit out. The new GQP party 
Chimaera000, Fri Feb 05 20:01:53 +0000 2021, -120.583402, 44.145437, @RealKaylaJames Stuttgart. (?Vienna?) 
tmj_WAT_NURSING, Fri Feb 05 20:01:56 +0000 2021, -122.382432, 47.691333, Interested in a job in #Seattle, WA? This could be a great fit: https://t.co/jpwHIuS3J1 #Nursing 
Crawford_MILB, Fri Feb 05 20:02:00 +0000 2021, -123.123932, 47.231597, @MarkAselstine Been. Long time ago but been. 
Herronisland, Fri Feb 05 20:02:00 +0000 2021, -120.882482, 47.273022, @ClaireakaMinnie @HeidiMafreak After I received my first vaccine shot last Saturday, I did all kinds of cartwheels‚Ä¶ https://t.co/MoocjQqOaf 
travis_lems, Fri Feb 05 20:02:09 +0000 2021, -122.061771, 47.678813, @TacoTime @TacoTimeNW A simple new recipe; a delicious treat, dubbed the Burritadilla. #newrecipe #food #tacotime‚Ä¶ https://t.co/eNyMVV1rIs 
ladysmilealot, Fri Feb 05 20:02:12 +0000 2021, -122.330602, 47.614817, Thank you Senator Brown! 
terileemcclain, Fri Feb 05 20:02:23 +0000 2021, -122.330602, 47.614817, @BeschlossDC @davidpsdem Mommy dearest omg 
barbwir33913971, Fri Feb 05 20:02:24 +0000 2021, -120.882482, 47.273022, This guy was at Lacey QfC this morning! I asked him where his mask was and he said fuc$ the governor. Evidently tha‚Ä¶ https://t.co/f43oV5dw5A 
tmj_WAK_retail, Fri Feb 05 20:02:26 +0000 2021, -117.584404, 47.644378, Interested in a job in #AirwayHeights, WA? This could be a great fit: https://t.co/4TnoFg2CEo #Retail 
bgmacneill, Fri Feb 05 20:02:34 +0000 2021, -122.035069, 47.608120, The media...is really calling out Biden for traveling to Delaware, aboard AF1?Seriously people. Trump flew multip‚Ä¶ https://t.co/iQZA4cI1ih 
bigbear5822, Fri Feb 05 20:02:35 +0000 2021, -122.923516, 47.064528, Love it when @GOP members lose support for their crazy beliefs!! 
Vinny___3000, Fri Feb 05 20:02:36 +0000 2021, -122.923516, 47.064528, @pepsi üòâ@espn @NFL @Buccaneers @Chiefs https://t.co/5bgqURRdtl 
TigheSam, Fri Feb 05 20:02:55 +0000 2021, -120.882482, 47.273022, I was always able to find cheap rentals in college 
EricWTCS, Fri Feb 05 20:02:55 +0000 2021, -122.194398, 47.481598, @dumbandbummer Bet, hold up 
DavidMT62, Fri Feb 05 20:03:01 +0000 2021, -122.330602, 47.614817, @kathrynresister GQP 
dbm422, Fri Feb 05 20:03:04 +0000 2021, -122.628706, 47.635928, @Herbin_Cowboy I will get to So Cal b4 I get to east of the cascades ü§£ 
MrYeahIKnow, Fri Feb 05 20:03:04 +0000 2021, -122.205437, 47.306631, Tough 
vinceg55, Fri Feb 05 20:03:06 +0000 2021, -117.434547, 47.667438, @RyanDivish Why not the M‚Äôs for goodness‚Äô sake? The two franchises are almost mirror images. 
kezeofficial, Fri Feb 05 20:03:15 +0000 2021, -117.434547, 47.667438, @JovialNightz yea same...shit SUX 
hannahmayfilm, Fri Feb 05 20:03:21 +0000 2021, -120.583402, 44.145437, https://t.co/BG7MRAvA1y 
jamiehicks50, Fri Feb 05 20:03:28 +0000 2021, -120.882482, 47.273022, @catturd2 My son tried to get some books out of a library in Oregon (for a college paper) books are on quarantine for 5 days. ü§£ 
BarnardKimberly, Fri Feb 05 20:03:41 +0000 2021, -123.650000, 48.633300, Couldn't agree more!!ü§©#LearnByDoing#FunInWork#PlayEveryDay üëèüíû@st.johnsacademyshawniganlake @ Shawnigan Lake, B‚Ä¶ https://t.co/CS9rLkSkn9 
MarcellMyslak, Fri Feb 05 20:03:42 +0000 2021, -122.231788, 47.959950, üí∞üí∞üí∞ 
rileyreidabook, Fri Feb 05 20:03:42 +0000 2021, -122.231788, 47.959950, Living life listening to sky and getting off work early 
kleincreativity, Fri Feb 05 20:03:47 +0000 2021, -122.035069, 47.608120, @47_Trades Is your discord public? 
christxphrr, Fri Feb 05 20:03:54 +0000 2021, -122.330602, 47.614817, How you know I get annoyed w myself 
nate_mitchell21, Fri Feb 05 20:03:55 +0000 2021, -120.583402, 44.145437, I‚Äôm liking this! üëÄü•∞ 
LOrive, Fri Feb 05 20:03:55 +0000 2021, -122.205576, 47.585020, Congratulations!!! ‚ù§Ô∏è‚ù§Ô∏è 
AlbiCabrera, Fri Feb 05 20:04:00 +0000 2021, -122.330602, 47.614817, Quiz√°s dividimos mal las eras. No son dos, son tres con la Shakira tonos rojos, @agustingennoni. 
straitarrow10, Fri Feb 05 20:04:01 +0000 2021, -120.882482, 47.273022, And we believe him/her?She says she woke up laughing this morning and of course we know who she is laughing at! 
yakimajack50, Fri Feb 05 20:04:12 +0000 2021, -120.529760, 46.594223, we can‚Äôt get the GQP to join in. Let them stay sitting in them nice soft chairs they have in the Senate. And keep t‚Ä¶ https://t.co/vrgGFZWGKY 
BJezza1, Fri Feb 05 20:04:20 +0000 2021, -120.537800, 46.593000, new alternator pt1! #dieselgang #ford #f350 #73 #alternatorproblems #shockedmyself #chunkybutt #automotive @ Yakima‚Ä¶ https://t.co/HVyrQJqij6 
DrKSampsell, Fri Feb 05 20:04:23 +0000 2021, -122.489100, 48.198639, @srahman2020 It‚Äôs a kind of skin infection. Women know all about candida. 
jordandobson, Fri Feb 05 20:04:27 +0000 2021, -122.455344, 47.242960, @____alex____ @azumbrunnen_ Smart Components are likely what you want then. Since ahh it‚Äôs like no code? 
rileyreidabook, Fri Feb 05 20:04:32 +0000 2021, -122.231788, 47.959950, She my best friend yeah we not a couple 
KelliX84, Fri Feb 05 20:04:35 +0000 2021, -122.205946, 47.773496, @DevilsArmyBlog They won‚Äôt play a game this season. 
HusbandLauri, Fri Feb 05 20:04:35 +0000 2021, -120.882482, 47.273022, @GeorgeTakei @lightningwincup Oh wow this the first I‚Äôve heard. What a great actor. RIP. 
ladysmilealot, Fri Feb 05 20:04:40 +0000 2021, -122.330602, 47.614817, @toddg21411 https://t.co/mFYoTtOdo9 
DrKSampsell, Fri Feb 05 20:04:42 +0000 2021, -122.489100, 48.198639, @lmauricecpr Yes. 
DavidMT62, Fri Feb 05 20:04:44 +0000 2021, -122.330602, 47.614817, @AndBrazen @lanechanged I hid all that gold in... 
joelferg12, Fri Feb 05 20:04:57 +0000 2021, -120.882482, 47.273022, Finding Our WayA squawking Blue JayStands in the HayOn a Spring Day in MayYou don‚Äôt say..We must get awayTo‚Ä¶ https://t.co/J6hvdAa1qx 
barbwir33913971, Fri Feb 05 20:05:03 +0000 2021, -120.882482, 47.273022, @GeorgeTakei Might just be time to re-organize the linen cabinetüíïüòª 
bgmacneill, Fri Feb 05 20:05:06 +0000 2021, -122.035069, 47.608120, @Siadasha MSNBC too 
tmj_WAT_schn, Fri Feb 05 20:05:17 +0000 2021, -122.347380, 47.232412, Can you recommend anyone for this job? Pick/Packer - https://t.co/2cUH0FbJez #packer #Tacoma, WA 
HusbandLauri, Fri Feb 05 20:05:19 +0000 2021, -120.882482, 47.273022, @Hamza_Africa Fantastic news!! 
jordandobson, Fri Feb 05 20:05:21 +0000 2021, -122.455344, 47.242960, @dfeles @azumbrunnen_ I would look at it again. As someone that feels your pain... give it a try again 
ladysmilealot, Fri Feb 05 20:05:25 +0000 2021, -122.330602, 47.614817, @lmauricecpr Yes 
CabaretKittens, Fri Feb 05 20:05:35 +0000 2021, -122.329137, 47.550811, Kitten‚Äôs Cabinet is back to regular operating hours, open daily 10am-2:30am. #Seattle #sodo #geargetown #seatac‚Ä¶ https://t.co/nDiLb1y9AU 
CjgbVictoria, Fri Feb 05 20:05:57 +0000 2021, -123.358379, 48.426730, @colingorrie That's almost the question I was going to ask: What is rhoticism? Why are […æ…π Å Ä…ªr] "kind of the same s‚Ä¶ https://t.co/Ixu5wrlbOC 
kittytat65, Fri Feb 05 20:05:57 +0000 2021, -120.882482, 47.273022, @DrewMcfarlane üëèüëèüëèüëçüëçüëç 
bikehugger, Fri Feb 05 20:06:05 +0000 2021, -122.330602, 47.614817, @amay206 Don‚Äôt move here then @SamAdlerBell. Stay away. 
CheeHuffs, Fri Feb 05 20:06:07 +0000 2021, -122.343179, 47.755871, I don't know what I'm most known for tbh 
SeattleWXGuy, Fri Feb 05 20:06:08 +0000 2021, -122.344395, 47.431549, @ensembleator @joejoezz Plus the joy (sarc) of all the terrible things that happen that we can't envision yet. 
Shoegnome, Fri Feb 05 20:06:13 +0000 2021, -122.330800, 47.604600, Just posted a photo @ Seattle, Washington https://t.co/tdFKGY4Xib 
kmakazigrdcrew, Fri Feb 05 20:06:17 +0000 2021, -122.506779, 47.157103, @pattmlatimes Martini in the other hand I hope! 
Es0t3ric, Fri Feb 05 20:06:30 +0000 2021, -123.358379, 48.426730, @23Bano Thank  you ‚ù§Ô∏è 
GOLDENGSTRlNG, Fri Feb 05 20:06:32 +0000 2021, -122.330602, 47.614817, she was fit asf for this.. https://t.co/6YGS6hrMBW 
JetsetSusan, Fri Feb 05 20:06:43 +0000 2021, -122.535562, 47.647615, RIP, Captain Von Trapp. üíô https://t.co/aIzamwUBhY 
Chimaera000, Fri Feb 05 20:06:47 +0000 2021, -120.583402, 44.145437, @eschneider @JonathanLHoward Came across it on a routine "did I miss something" search that I do for all my favorit‚Ä¶ https://t.co/wsocom0EoV 
JamRock1021, Fri Feb 05 20:06:50 +0000 2021, -122.455344, 47.242960, Just beauty and booty. üòÜ https://t.co/hRQzFjPJiM 
GOLDENGSTRlNG, Fri Feb 05 20:06:51 +0000 2021, -122.330602, 47.614817, Delete this @0800shygirl omfg 
MillenSam, Fri Feb 05 20:06:56 +0000 2021, -122.965796, 48.645510, üåû https://t.co/aaQ1u5vE0Q 
BarnardKimberly, Fri Feb 05 20:06:58 +0000 2021, -123.650000, 48.633300, üëè Couldn't agree more!!ü§©#LearnByDoing#FunInWork#PlayEveryDay üíû@st.johnsacademyshawniganlake @ Shawnigan Lake,‚Ä¶ https://t.co/Ig6yhWywPj 
IAmMackWilliams, Fri Feb 05 20:07:00 +0000 2021, -122.218075, 47.392311, I can stop caring about Trevor Bauer now. 
Lets_trend_XRP, Fri Feb 05 20:07:04 +0000 2021, -122.330602, 47.614817, üü¢ ONE channel for the whole #XRPCommunity üü¢ Come on Telegram!  #xrpthestandard      https://t.co/w0Ei6dtwJz #xrp @WillyWonkaXRP 
Es0t3ric, Fri Feb 05 20:07:04 +0000 2021, -123.358379, 48.426730, @mak_asif Inshallah. 2months se hai üò™ 
AnnaOmmen, Fri Feb 05 20:07:15 +0000 2021, -122.506779, 47.157103, Thisüëá 
Twitassgab, Fri Feb 05 20:08:51 +0000 2021, -122.971884, 46.727290, suddenly jojo siwa the baddest in the game 
Herronisland, Fri Feb 05 20:08:51 +0000 2021, -120.882482, 47.273022, Really goes without saying. 
dyknjen5, Fri Feb 05 20:08:52 +0000 2021, -122.468593, 48.937848, @GovInslee @Seahawks @PeteCarroll Open the state up you idiot 
GrantHayter, Fri Feb 05 20:08:57 +0000 2021, -123.358379, 48.426730, @MadameGilflurt 
BryannSpokane, Fri Feb 05 20:09:01 +0000 2021, -117.434547, 47.667438, @DeathWishCoffee https://t.co/WrtgYIgyiC 
GrantHayter, Fri Feb 05 20:09:05 +0000 2021, -123.358379, 48.426730, @MadameGilflurt 
PattiJ26089081, Fri Feb 05 20:09:05 +0000 2021, -120.583402, 44.145437, üåàüåàüåàFor my UK friends!üåàüåà 
everyEarthquake, Fri Feb 05 20:09:05 +0000 2021, -121.959000, 48.128833, USGS reports a M0.97 explosion, 3 km ENE of Riverside, Washington on 2/4/21 @ 20:46:45 UTC https://t.co/yZaDZV6y7L #explosion 
CreteJosephine, Fri Feb 05 20:09:08 +0000 2021, -122.330602, 47.614817, Not my tattoo artist hyping up my art and telling people to follow my insta üò≠üò≠üñ§üñ§ 
cxy, Fri Feb 05 20:09:10 +0000 2021, -122.061771, 47.678813, @marty Damn I‚Äôm stuck on step 2 
soyAndreaMG, Fri Feb 05 20:09:12 +0000 2021, -122.201905, 47.680319, @Luefe_co As√≠ estamos todos 
dlpasco, Fri Feb 05 20:09:17 +0000 2021, -122.330602, 47.614817, @subdigital Recording guitar! 
CjgbVictoria, Fri Feb 05 20:09:29 +0000 2021, -123.358379, 48.426730, @JBFalke Qu√©bec 
swshep5, Fri Feb 05 20:09:30 +0000 2021, -120.882482, 47.273022, Thinking of you, Tom! You were always so good to me. #thankyou 
Lesley1031, Fri Feb 05 20:09:31 +0000 2021, -123.358379, 48.426730, @Dylan_Morrow @berezin_goal Everyone loves Wayne üíò üíó üíï https://t.co/O8qfOzXKAc 
raaronman, Fri Feb 05 20:09:35 +0000 2021, -122.765409, 47.039416, 12 hrs of waiting for nothing lmaooo 
jw_pincus, Fri Feb 05 20:09:47 +0000 2021, -122.232754, 47.565392, @Rodericka I just sent this to everybody I know üòÇüòÇüòÇ 
BJezza1, Fri Feb 05 20:09:48 +0000 2021, -120.537800, 46.593000, new alternator pt2! #dieselgang #ford #f350 #73 #alternatorproblems #shockedmyself #chunkybutt #automotive @ Yakima‚Ä¶ https://t.co/JisxEul808 
AnnaOmmen, Fri Feb 05 20:09:52 +0000 2021, -122.506779, 47.157103, Agreed!!! https://t.co/p5w1rYpITd 
mattdahlgren12, Fri Feb 05 20:09:56 +0000 2021, -122.035069, 47.608120, @rxnelson Here‚Äôs a screenshot of Bing from the documentary (which I loved). That‚Äôs the Gehrig bat you‚Äôre referencin‚Ä¶ https://t.co/3Eekah28fC 
_kingmilkshake, Fri Feb 05 20:09:57 +0000 2021, -122.330602, 47.614817, ü§¶üèΩ‚Äç‚ôÇÔ∏è https://t.co/stRNK7tL3Q 
call_me_ev, Fri Feb 05 20:09:57 +0000 2021, -122.330602, 47.614817, @Abanda_Collins Good God. 
toto1229, Fri Feb 05 20:09:57 +0000 2021, -122.544736, 47.215098, @BitmojiMaddow I am all in for this guy. 
Es0t3ric, Fri Feb 05 20:10:01 +0000 2021, -123.358379, 48.426730, Kuch logo se darr lagta hai abüôä 
TheManuelBrown, Fri Feb 05 20:10:09 +0000 2021, -122.515936, 47.229863, You still have time to delete this. 
andrewswright, Fri Feb 05 20:10:12 +0000 2021, -122.330602, 47.614817, @AlanHarzmanMD @jdimick1 https://t.co/gPr18fKc60 
Herronisland, Fri Feb 05 20:10:20 +0000 2021, -120.882482, 47.273022, @RKJ65 I thought you may enjoy this.  üëáüèº https://t.co/8AQF0lt45m 
BryannSpokane, Fri Feb 05 20:10:25 +0000 2021, -117.434547, 47.667438, @NBCSSharks @BrodieNBCS YES!!! When it was no longer ‚ÄúRandy &amp; Drew‚Äù, it just wasn‚Äôt the same. Please tell me this i‚Ä¶ https://t.co/xhkwXOnsi6 
oslOslo, Fri Feb 05 20:10:26 +0000 2021, -122.052118, 47.551170, Nooo!! Not Costco I ‚ù§Ô∏è Costco @ Costco Wholesale Corporate Headquarters https://t.co/e1sf3PWcfC 
tmj_sea_sales, Fri Feb 05 20:10:29 +0000 2021, -122.339064, 47.836947, Dollar Tree is looking for teammates like you. See our latest #Sales job openings, including "SALES FLOOR ASSOCIATE‚Ä¶ https://t.co/TeUxPzpBD4 
TJMadd509, Fri Feb 05 20:10:35 +0000 2021, -120.607753, 46.599805, @tlhicks713 I'm telling ya he's a bloke...Check out the feet.  Bigfoot. 
ITSDANKSINATRA, Fri Feb 05 20:10:40 +0000 2021, -122.330602, 47.614817, @Sob3rS0ul Yeah you. Niggas need patience 
mikevorel, Fri Feb 05 20:10:41 +0000 2021, -122.330602, 47.614817, @BrandonHuffman Should‚Äôve just thrown it to first 
bigjay00dx, Fri Feb 05 20:10:42 +0000 2021, -122.330602, 47.614817, @DaveMasonBOL you guys have lines for where Wentz plays next year? 
gracelhawley, Fri Feb 05 20:10:48 +0000 2021, -120.583402, 44.145437, I‚Äôm fine, Fucked upInsecureNeedyEmotional 
HauberTaylor, Fri Feb 05 20:10:50 +0000 2021, -120.327408, 47.430856, definitely not a lot, but they add to my little collection. üíúüåô‚ú® https://t.co/jTUiTkQwxH 
dlpasco, Fri Feb 05 20:10:56 +0000 2021, -122.330602, 47.614817, @SheriffAlert ‚ÄúIt floated in the air in exactly the way that bricks don‚Äôt‚Äù 
bgmacneill, Fri Feb 05 20:11:03 +0000 2021, -122.035069, 47.608120, @SuePBC65 @FoxNews MSNBC did as well 
dallasmayy, Fri Feb 05 20:11:06 +0000 2021, -120.365658, 47.476827, No way is it almost 60 degrees outside at the beginning of February. My seasonal depression is melting off 
akreyna4726, Fri Feb 05 20:11:07 +0000 2021, -122.164527, 48.088757, OAM Neal celebrating milestone Homer awards with 2 outstanding assocaites. Barbara and Ken! Great job and congratul‚Ä¶ https://t.co/Txtxg4UZJc 
summerrhanson, Fri Feb 05 20:11:15 +0000 2021, -122.330602, 47.614817, The most rewarding part of my work is creating jobs that I wish were available when I was younger. So my team can w‚Ä¶ https://t.co/GexiQarcl4 
TheManuelBrown, Fri Feb 05 20:11:23 +0000 2021, -122.515936, 47.229863, That‚Äôs Baseball, Susan. ü•¥ 
WolfieBraden, Fri Feb 05 20:11:24 +0000 2021, -122.330602, 47.614817, Flex Friday... did I do it right? https://t.co/NpQV8WFq30 
freckles110, Fri Feb 05 20:11:31 +0000 2021, -122.164527, 48.088757, I‚Äôm watching the Sound of Music tonight!  What a legend. This one hurts. Rest In Edelweiss Paradise. üôèüèºüôèüèºüôèüèº #ChristopherPlummer 
EricWTCS, Fri Feb 05 20:11:36 +0000 2021, -122.194398, 47.481598, @dumbandbummer Beginners is an indie film, takes place in LA, it‚Äôs my go to movie if I‚Äôm feeling low. 50/50 is indi‚Ä¶ https://t.co/01niB7IL7G 
Herronisland, Fri Feb 05 20:11:37 +0000 2021, -120.882482, 47.273022, @Hellcat20201 I don‚Äôt eat fried food, but thanks 
Chimaera000, Fri Feb 05 20:11:46 +0000 2021, -120.583402, 44.145437, Restorative soak in the tub. I suspect I'm part selkie. But not the bracing North Atlantic ocean kind, more the c‚Ä¶ https://t.co/oUDSIAtsDo 
jacquesyawns, Fri Feb 05 20:11:49 +0000 2021, -120.882482, 47.273022, been making niche apollo anton ohno jokes lately someone help 
SeatownNerd, Fri Feb 05 20:11:50 +0000 2021, -122.330602, 47.614817, @3bluegreen3 I adhere to this with my girlfriend. Living in the city, people are so wanton taking shortcuts and not‚Ä¶ https://t.co/FNXLCHdvmI 
chris_p_2010, Fri Feb 05 20:11:51 +0000 2021, -122.042544, 47.542814, @CaptMarkKelly I worked really hard to get you elected, hosting phone banks for 10 weeks in a row. Seeing you deny‚Ä¶ https://t.co/9fTB2ln3Kj 
GeoBickford, Fri Feb 05 20:11:55 +0000 2021, -117.434547, 47.667438, @Acosta Aha! Finally, something she is  correct about.  #TrumpCult is the new GOP 
jasondmalone, Fri Feb 05 20:11:56 +0000 2021, -120.583402, 44.145437, What is Emily in Paris? 
Herronisland, Fri Feb 05 20:11:57 +0000 2021, -120.882482, 47.273022, @Hellcat20201 @BrendaVashanka I use PAM 
HauberTaylor, Fri Feb 05 20:12:00 +0000 2021, -120.327408, 47.430856, definitely not many, but i alway love her updates üíúüåô‚ú®@artbyjacstudio https://t.co/j00fqUWKY8 
marjorieh1350, Fri Feb 05 20:12:01 +0000 2021, -122.330602, 47.614817, @davematt88 @BluesFish_ JFC. I hope he writes his own Presidential memoir, without pro help. It could be a source o‚Ä¶ https://t.co/HICtNfT9vy 
Es0t3ric, Fri Feb 05 20:12:06 +0000 2021, -123.358379, 48.426730, @druglard https://t.co/wDblgHiWYB 
floor_6, Fri Feb 05 20:12:08 +0000 2021, -122.455344, 47.242960, @onenuttodd Yeah, everyone seems to think the first show might be PJ, they are big advocates for limiting climate c‚Ä¶ https://t.co/p4CO6QEGSO 
Chimaera000, Fri Feb 05 20:12:08 +0000 2021, -120.583402, 44.145437, @eschneider @JonathanLHoward We are so brave. 
jacquesyawns, Fri Feb 05 20:12:10 +0000 2021, -120.882482, 47.273022, been making niche apollo anton ohno references lately someone help 
hanadijane17, Fri Feb 05 20:12:12 +0000 2021, -120.583402, 44.145437, if you‚Äôre gonna dance with the devil you might as well lead ü§∑üèª‚Äç‚ôÄÔ∏è 
drew_j_w, Fri Feb 05 20:12:22 +0000 2021, -122.430277, 48.753353, A year ago today we met @trixiemattel ü§©üò≠ https://t.co/2LXzM49KKJ 
AnnaOmmen, Fri Feb 05 20:12:27 +0000 2021, -122.506779, 47.157103, To @ZackSnyder from me ‚ù§üôè https://t.co/JX4vturtsR 
CjgbVictoria, Fri Feb 05 20:12:27 +0000 2021, -123.358379, 48.426730, @NOYB2869 @SvenTystnad Blizzards are fun, but 10 days would be too long. I chose 0, cos once you're used to it and‚Ä¶ https://t.co/LSdoKbOuAh 
TheCascadeHiker, Fri Feb 05 20:12:31 +0000 2021, -116.678000, 44.571700, Just posted a photo @ Cambridge, Idaho https://t.co/KATS9I7jRC 
nickforbrains, Fri Feb 05 20:12:36 +0000 2021, -122.178297, 47.325447, New t-shirt https://t.co/tJ3UlbFmOz 
CristinGoodwin, Fri Feb 05 20:12:41 +0000 2021, -122.061771, 47.678813, @GossiTheDog @ajohnsocyber @IanColdwater @hacks4pancakes @JenMsft @lzxdc @kclemson @sbj24 @ian_infosec @FPieces‚Ä¶ https://t.co/mRqEbrQjqV 
VividConfusion, Fri Feb 05 20:12:44 +0000 2021, -122.231788, 47.959950, Our @VP @KamalaHarris broke it.  This is artwork on the National Mall to honor her. Check out the hash tag‚Ä¶ https://t.co/1qqUbOIXDr 
nickforbrains, Fri Feb 05 20:12:47 +0000 2021, -122.178297, 47.325447, @bridogz Ikr 
VonnaTorrey, Fri Feb 05 20:12:50 +0000 2021, -116.120462, 44.912691, Come make lifelong memories, soak up all four seasons and spend quality time with friends. Check out our latest ope‚Ä¶ https://t.co/mSnxcCGD9P 
jw_pincus, Fri Feb 05 20:12:50 +0000 2021, -122.232754, 47.565392, @Ostrov_A @IntlCrimCourt I understand why Israel isn‚Äôt a member, but after this ruling part of me thinks they shoul‚Ä¶ https://t.co/temWIhK8nj 
yakimajack50, Fri Feb 05 20:12:53 +0000 2021, -120.529760, 46.594223, All I can say is the GQP has made their bed. And now they will lay in it. This is what happens when people decide t‚Ä¶ https://t.co/UkxCQh65OU 
fresa206, Fri Feb 05 20:12:54 +0000 2021, -122.313440, 47.385752, @Saayde_ ü§´ü§´ü§´ 
Herronisland, Fri Feb 05 20:12:56 +0000 2021, -120.882482, 47.273022, @PetraMcCarron2 Reach out if I can be of help. 
Es0t3ric, Fri Feb 05 20:13:07 +0000 2021, -123.358379, 48.426730, @druglard https://t.co/8mliIs1IOX 
Coach_BenHarley, Fri Feb 05 20:13:10 +0000 2021, -120.882482, 47.273022, Fire me up Chase! üî•üî•Excited to see four of our Driveline Academy teams compete this weekend (9U, two 11Us and 12U‚Ä¶ https://t.co/GW9xFT678S 
bigbear5822, Fri Feb 05 20:13:12 +0000 2021, -122.923516, 47.064528, üëçüò∑üëçüò∑üëçüò∑üëçüò∑ 
B_Romero6, Fri Feb 05 20:13:15 +0000 2021, -120.882482, 47.273022, üòçüòçüòçüòçüòç 
VagabondPNW, Fri Feb 05 20:13:16 +0000 2021, -122.923516, 47.064528, Padres are more fun anyway. 
sydneyrozin, Fri Feb 05 20:13:17 +0000 2021, -117.434547, 47.667438, I wish I could go back in time 
bgmacneill, Fri Feb 05 20:13:20 +0000 2021, -122.035069, 47.608120, @SuePBC65 @FoxNews A news talking point 
Kikemiamigo14, Fri Feb 05 20:13:28 +0000 2021, -122.643484, 47.300865, @aberkey @nerdyDodger That‚Äôs what I‚Äôm hoping. 
floor_6, Fri Feb 05 20:13:33 +0000 2021, -122.455344, 47.242960, @onenuttodd and big fans of the Sonics too! 
nickforbrains, Fri Feb 05 20:13:33 +0000 2021, -122.178297, 47.325447, @RecessionCone We love them 
riley_szyd, Fri Feb 05 20:13:39 +0000 2021, -122.627000, 47.384800, It‚Äôs baaaaacckkk! And in cans. - Drinking a Kevlar by @Heathen_Brewing @ Local Boys Tap Room  ‚Äî https://t.co/G9wroerksy 
Es0t3ric, Fri Feb 05 20:13:43 +0000 2021, -123.358379, 48.426730, @bawaqar @druglard Woh aglay saal bhi matric mein hi ho ga . Baby forever 
TadDoyle_Tad, Fri Feb 05 20:13:46 +0000 2021, -122.546569, 47.537603, Just posted a photo @ Funkytown https://t.co/1I4IXes4rK 
Thomas_Buren, Fri Feb 05 20:13:47 +0000 2021, -122.025161, 47.315173, @RSherman_25 @CJMcCollum Bro just come back to Seattle. Apparently it‚Äôs where the best Carrrrne Asada. Right @armandomejia51 
freedomflyer200, Fri Feb 05 20:13:48 +0000 2021, -114.143262, 45.494552, And a candy ass 
devankhoma, Fri Feb 05 20:13:52 +0000 2021, -117.434547, 47.667438, Dodger fans still talking about the padres ü§∑üèΩ‚Äç‚ôÇÔ∏è 
jazmati_, Fri Feb 05 20:13:52 +0000 2021, -122.110692, 47.330690, Trevor Bauer is now the highest paid athlete in LA over bron and mike trout 
Tamjoestarrrr, Fri Feb 05 20:13:52 +0000 2021, -123.702260, 48.780058, Waking up at 3am really turned my body's internal clock. Like rn its 1215pm but it feels like 5pm. 
ahammTNT, Fri Feb 05 20:13:54 +0000 2021, -122.455344, 47.242960, https://t.co/vnf9EPPf4L 
Chimaera000, Fri Feb 05 20:13:55 +0000 2021, -120.583402, 44.145437, @annielclark I could be a manatee. &lt;sips fruity cocktail while basking&gt; 
FryeSpeedofrye, Fri Feb 05 20:13:57 +0000 2021, -120.583402, 44.145437, Loved Christopher Plummer. RIP 
KylerRonquillo, Fri Feb 05 20:13:58 +0000 2021, -122.541127, 46.951426, Really Appreciate @steven_reyes27 for Making this Happen üôåüôåüì∏ 
chriswarden420, Fri Feb 05 20:14:00 +0000 2021, -123.370838, 48.496225, @OTRSCentral @peacockTV The same C show that had an advertised appearance by one of their top stars &amp; Royal Rumble winner? 
terileemcclain, Fri Feb 05 20:14:01 +0000 2021, -122.280014, 47.469552, Conspiracy theoriesYou are not dealing with a full deck of card if you‚Äôre into any of this 
anniehoopz, Fri Feb 05 20:14:05 +0000 2021, -122.231788, 47.959950, @EMeadeMD üî•üî•üî• 
Es0t3ric, Fri Feb 05 20:14:06 +0000 2021, -123.358379, 48.426730, @mak_asif Injury hai. Kuch karwana hogaüôÑ 
Herronisland, Fri Feb 05 20:14:11 +0000 2021, -120.882482, 47.273022, @oldivory Stay safe and warm! 
duanefish5911, Fri Feb 05 20:14:12 +0000 2021, -122.150570, 48.168642, @BlueDoll2021 @BetsyDa50822745 @KING5Seattle Go get your vaccine and start living again. 
johncwingfield, Fri Feb 05 20:14:22 +0000 2021, -122.430277, 48.753353, @itsjoshboone Photographers take notes üìù 
tmj_WAK_it, Fri Feb 05 20:14:28 +0000 2021, -117.426009, 47.658599, Career tip for landing jobs like "Administrative Assistant / Inventory Control / Data Analyst Supporting the USMS"‚Ä¶ https://t.co/p44DmeG7nS 
tmj_sea_adv, Fri Feb 05 20:14:28 +0000 2021, -122.286962, 47.560796, Don't be shy. Score a job like "Software Product Manager, qPCR platform" at Thermo Fisher Scientific by asking for‚Ä¶ https://t.co/at189hmmpi 
LindseyTreffry, Fri Feb 05 20:14:33 +0000 2021, -117.434547, 47.667438, @Megan_L_Rowe I also purchased icy hot for my neck and back at Walgreens after this exchange. 
LuisToledoCast3, Fri Feb 05 20:14:33 +0000 2021, -122.311794, 47.662345, https://t.co/54rghoRxA4 
leeaheboni, Fri Feb 05 20:14:34 +0000 2021, -122.455344, 47.242960, Pissed that I pay $20 for Netflix and don‚Äôt even use it. 
Sue_MF_Mason, Fri Feb 05 20:14:35 +0000 2021, -122.330602, 47.614817, Wow. Just... wow. 
TTown_AM, Fri Feb 05 20:14:38 +0000 2021, -120.312414, 46.384233, Trying to fix things but it‚Äôs like nothing works bro 
terileemcclain, Fri Feb 05 20:14:40 +0000 2021, -122.280014, 47.469552, Any Trump supporters out there change your mind on anything ? Just curious 
Es0t3ric, Fri Feb 05 20:14:48 +0000 2021, -123.358379, 48.426730, @mak_asif Kapde change karne mein kafi takleef hoti hai üò¢üò¢ 
copycarol, Fri Feb 05 20:14:49 +0000 2021, -122.330602, 47.614817, to contando os dias meu meet com a Sharon sim mesmo tendo a consci√™ncia de que muito provavelmente meu c√©rebro vai paralisar kkkk aiai 
scriptedxlou, Fri Feb 05 20:14:53 +0000 2021, -122.330602, 47.614817, NIL-inspired nailsüòçüòç https://t.co/WCuLmSOCKZ 
the_fantasyguys, Fri Feb 05 20:14:54 +0000 2021, -120.539923, 46.993279, The rich get richer. 
alldaymaxgray, Fri Feb 05 20:15:06 +0000 2021, -121.966550, 48.083168, @wandavision @disneyplus It better be good üò§üò§ 
LindseyTreffry, Fri Feb 05 20:15:08 +0000 2021, -117.434547, 47.667438, @Megan_L_Rowe But the generic brand (duh), so ‚ÄúCold and Hot.‚Äù Very creative. 
WomenOfATT_EG, Fri Feb 05 20:15:24 +0000 2021, -122.192819, 47.813016, @ShellyJ950408 Every small bit helps! ‚ù§Ô∏èüíú‚ù§Ô∏è 
tmj_SEA_secure, Fri Feb 05 20:15:30 +0000 2021, -122.332071, 47.606209, If you're looking for work in #Seattle, WA, check out this job: https://t.co/wt32tlevDM #security 
976_LEO, Fri Feb 05 20:15:36 +0000 2021, -122.330602, 47.614817, @rocketsk8sss You got this 
Lesley1031, Fri Feb 05 20:15:40 +0000 2021, -123.358379, 48.426730, @LeafsMaz20 i laughed...Even TMZ is getting on board the Wayne train.#LeafsForever https://t.co/T5qW1FdfFV 
TJMadd509, Fri Feb 05 20:15:42 +0000 2021, -120.607753, 46.599805, @CheriJacobus Texas, along with the other border states, would make a great "wall" against immigration for the rest‚Ä¶ https://t.co/TD7BYWIhfo 
DestineySwangel, Fri Feb 05 20:15:43 +0000 2021, -120.583402, 44.145437, Eden just fell asleep nursing &amp; when I pulled my boob out of her mouth she tried sucking on my stomach insteadüòÇ 
TotalTrafficSEA, Fri Feb 05 20:15:43 +0000 2021, -122.332500, 47.607280, Accident, right lane blocked in #DowntownSeattle on 5th Ave SB at Spg St #traffic https://t.co/12UyGMOG9h 
JobsAtInsight, Fri Feb 05 20:15:49 +0000 2021, -117.112424, 47.674343, Want to work in #LibertyLake, WA? View our latest opening: https://t.co/VA3vQXIO7a 
yakimajack50, Fri Feb 05 20:15:49 +0000 2021, -120.529760, 46.594223, He is one of the leaders of the new GQP party. These people have taken. Every right wing nut into their homes. They‚Ä¶ https://t.co/UeGO2Jkgtw 
DstnyRichardsTV, Fri Feb 05 20:15:59 +0000 2021, -117.434547, 47.667438, Why ‚ùÑÔ∏èü•∂ (I know why but will ask every time) https://t.co/OfXPTQwrR3 
bluetwenty2, Fri Feb 05 20:16:00 +0000 2021, -114.143262, 45.494552, I‚Äôm ‚Äúwaving my arms around in circles is exercise‚Äù years old. #NBAAllStar #DonovanMitchell #RudyGobert #JordanClarkson #MikeConley 
jaymarkjon, Fri Feb 05 20:16:02 +0000 2021, -122.330602, 47.614817, @melissareiko not even the sanrio ones? 
kgcotterill, Fri Feb 05 20:16:02 +0000 2021, -122.284264, 47.176459, Felt this on many levels üò¥ Thankful for a partner who shares the load. But still... so tired. https://t.co/Mmq1nNltQC 
Es0t3ric, Fri Feb 05 20:16:09 +0000 2021, -123.358379, 48.426730, @bawaqar @druglard Hahhaa 
toto1229, Fri Feb 05 20:16:12 +0000 2021, -122.544736, 47.215098, @davidmweissman Moving forward is a good direction to go. 
WadeWebber4, Fri Feb 05 20:16:19 +0000 2021, -122.334461, 47.307568, @hattrup_peter @MLSGabor Must have been giving the hair a chance to recover from excessive dye phases. 
MorgBGreat, Fri Feb 05 20:16:21 +0000 2021, -122.330602, 47.614817, @ejdickson This is the most miserable thread I‚Äôve seen in a while https://t.co/XCIoy0QqZ3 
DeronAntonio, Fri Feb 05 20:16:21 +0000 2021, -122.330602, 47.614817, Black teachers are needed like no other . I just had a very real ass conversion with a black parent about their bla‚Ä¶ https://t.co/PtMDsLbn7p 
ICC_99, Fri Feb 05 20:16:24 +0000 2021, -122.330602, 47.614817, @fazekas_tony I was but I‚Äôm off the clock now and I‚Äôm in bed lol 
DestineySwangel, Fri Feb 05 20:16:29 +0000 2021, -120.583402, 44.145437, 1/2 the time Eden nurses I swear it‚Äôs just for comfort....but she refuses to take a binky.üôÉü•¥ü•≤‚ò†Ô∏è 
film_gem_digger, Fri Feb 05 20:16:30 +0000 2021, -122.330602, 47.614817, @TheAcademy pay attention this is exactly what @AmmoniteMovie deserves!!! Make sure to nominate Francis Lee as dire‚Ä¶ https://t.co/3CftukwZG7 
toto1229, Fri Feb 05 20:16:37 +0000 2021, -122.544736, 47.215098, @AmyAThatcher üëçüèªüëçüèª 
AggieLarry, Fri Feb 05 20:16:40 +0000 2021, -120.583402, 44.145437, @ReverendWarnock Leave me alone.Don‚Äôt take my hard earned money.Is that so hard? 
LindseyTreffry, Fri Feb 05 20:16:40 +0000 2021, -117.434547, 47.667438, @Megan_L_Rowe He‚Äôs gets it. 
freedomflyer200, Fri Feb 05 20:16:45 +0000 2021, -114.143262, 45.494552, Put them all in jail for calling for violence against American people 
Mksullz, Fri Feb 05 20:16:48 +0000 2021, -114.143262, 45.494552, @AricaBushey Sounds similar to my life 
karinasux, Fri Feb 05 20:16:49 +0000 2021, -122.455344, 47.242960, My big fuckin three 
thislilgecko, Fri Feb 05 20:16:51 +0000 2021, -122.330602, 47.614817, Not to belittle its damage nor impact of course.  Just saying considering how deadly and impactful COVID-19 has bee‚Ä¶ https://t.co/vKoCli3loW 
LindseyTreffry, Fri Feb 05 20:16:51 +0000 2021, -117.434547, 47.667438, @Megan_L_Rowe He gets it. 
hatrik10, Fri Feb 05 20:16:59 +0000 2021, -122.437379, 47.305305, @exSlacker @THEChrisKessell Oh they are familiar with history, all right.  Just hoping voters aren‚Äôt 
DannyLA77, Fri Feb 05 20:17:10 +0000 2021, -117.154269, 46.730822, Me duele verte y saber que eres de alguien mas. ‚òîÔ∏è 
labubbakeith, Fri Feb 05 20:17:17 +0000 2021, -122.149768, 47.597856, Wtf 
tha_real_cp, Fri Feb 05 20:17:18 +0000 2021, -122.330602, 47.614817, https://t.co/92AmuwSp22 
tmj_IDH_jobs, Fri Feb 05 20:17:39 +0000 2021, -116.646244, 43.668645, We're hiring in Caldwell, ID! Click the link in our bio to apply to this job and more: Medical Lab Scientist ASCP a‚Ä¶ https://t.co/EJjXiPzq0Z 
smallville8013, Fri Feb 05 20:17:46 +0000 2021, -122.074875, 47.743503, @jackvelbar @RealBoneThugs ‚Äú...and I‚Äôm gonna miss EV-rybody...‚Äù 
savluvX, Fri Feb 05 20:17:50 +0000 2021, -120.583402, 44.145437, üòÇ 
JacsonBevens, Fri Feb 05 20:17:51 +0000 2021, -122.430277, 48.753353, @smokeuhhontas @ComeKillVee How I learned about Aspen https://t.co/J31nm0d5Oy 
Steve_MSFT, Fri Feb 05 20:17:54 +0000 2021, -122.035069, 47.608120, @Garyw_ @PowerShell_Team This is a result of 7.0.x being published after 7.1.x servicing release.  We‚Äôre fixing the‚Ä¶ https://t.co/TdVTz0qyXr 
CjgbVictoria, Fri Feb 05 20:17:54 +0000 2021, -123.358379, 48.426730, @colingorrie Is that a rhotic, or is it a substitution, like [w] for […π] in some children's speech? (Teaching my yo‚Ä¶ https://t.co/FghjncVrvh 
navhazard88, Fri Feb 05 20:17:54 +0000 2021, -122.655794, 47.493944, @nyy_cate @0fficialStacey Wait we are already giving up for the next 4 years? üò¢ü§£ https://t.co/5jicexGJp1 
ahmed_7ussein93, Fri Feb 05 20:18:03 +0000 2021, -122.330602, 47.614817, 157 = 10 + 19 + 23 + 26 + 12 + 20 + 20 + 19 + 8 
Jrfreeman01, Fri Feb 05 20:18:06 +0000 2021, -122.330602, 47.614817, @TylerColvard What % chance do you think there is any affiliation ? More than 0? 
BryannSpokane, Fri Feb 05 20:18:11 +0000 2021, -117.434547, 47.667438, @CashApp $BryannSpokane 
labubbakeith, Fri Feb 05 20:18:16 +0000 2021, -122.149768, 47.597856, Shit was dook nasty https://t.co/SJbgkCd1lj 
tmj_sea_jobs, Fri Feb 05 20:18:19 +0000 2021, -122.117062, 47.358908, We're hiring in #Covington, WA! Click the link in our bio to apply to this job and more: barista - Store# 03387, CO‚Ä¶ https://t.co/5uerIpVq4I 
tmj_sea_labor, Fri Feb 05 20:18:30 +0000 2021, -122.249686, 47.758358, Can you recommend anyone for this #Labor job in #Kenmore, WA? Click the link in our bio to see it and more. Stockers at Dollar Tree 
terileemcclain, Fri Feb 05 20:18:36 +0000 2021, -122.280014, 47.469552, So my coworker forked over the Starbucks card because she bet me who would be inaugurated: Trump or Biden.  Anywa‚Ä¶ https://t.co/BU73Hft2Dd 
JesseWestJames1, Fri Feb 05 20:18:40 +0000 2021, -123.521381, 48.455970, WSB CANADA CHAIRMAN FEED DAVID VS GOLIATHhttps://t.co/1LrTCbZl9p https://t.co/lS4mBKXTx9 https://t.co/xRlNBsq8qV 
toto1229, Fri Feb 05 20:18:40 +0000 2021, -122.544736, 47.215098, @waltshaub Country is always more important than party. 
cambabaroonie, Fri Feb 05 20:18:43 +0000 2021, -117.434547, 47.667438, @shannonrwatts WEIRD. Who woulda thunk? üíÅ‚Äç‚ôÇÔ∏è 
scottshumake, Fri Feb 05 20:18:44 +0000 2021, -117.425000, 47.658900, Just posted a video @ Spokane, Washington https://t.co/DgCTXoa5CE 
AshHeddy, Fri Feb 05 20:18:53 +0000 2021, -122.765409, 47.039416, I hate everyone that kept talking about @90DayFiance cause here we are. Watching this shitshow 
bpj6, Fri Feb 05 20:18:56 +0000 2021, -122.241205, 47.627076, People are so creative. Loving RUN DOT and Notorious DOT. 
AnnaOmmen, Fri Feb 05 20:18:59 +0000 2021, -122.506779, 47.157103, Done ‚úî On The 8th we trend dear toby emmerich happy#ZackSnydersJusticeLeague#SnyderCut Day ‚òï 
alicekasy, Fri Feb 05 20:18:59 +0000 2021, -122.166004, 47.180856, Being an adult is so funny sometimes. I bought new windshield wipers yesterday and I‚Äôm upset it hasn‚Äôt rained yet so I could see them üòÇ 
devankhoma, Fri Feb 05 20:19:00 +0000 2021, -117.434547, 47.667438, Props to @AgentRachelLuba though, first 2 years $85 million with opt outs... impressive 
MrBurks206, Fri Feb 05 20:19:00 +0000 2021, -122.343179, 47.755871, This damn work day can‚Äôt end soon enough. This week done beat my ass. 
CaseyLynn_97, Fri Feb 05 20:19:01 +0000 2021, -122.669236, 47.561802, Please God give me the shipyard job I cannot take my heartless narcissistic boss any more I HATE HIM 
jaybakker, Fri Feb 05 20:19:06 +0000 2021, -122.300129, 47.827984, @HWmusictweets ü§£ I almost put if you agree don‚Äôt talk to me! 
karinasux, Fri Feb 05 20:19:08 +0000 2021, -122.455344, 47.242960, @goobfriend @SouluxeH We have the same placements :-) 
klkuzminski, Fri Feb 05 20:19:17 +0000 2021, -122.551856, 47.111487, A big day in the Kuzminski home: congrats to the Army‚Äôs newest LTC @FrankKuzminski. Promotion ceremonies in the era‚Ä¶ https://t.co/l00XlswriP 
Lesley1031, Fri Feb 05 20:19:24 +0000 2021, -123.358379, 48.426730, @LeafsAllDayy @ChatterCharts I love these... 
Herronisland, Fri Feb 05 20:19:27 +0000 2021, -120.882482, 47.273022, @Hellcat20201 Thanks!  Now that I know how to turn on my oven , I may try that, lol.  But I would prefer to use a f‚Ä¶ https://t.co/2QevA4XPvv 
Tamjoestarrrr, Fri Feb 05 20:19:29 +0000 2021, -123.702260, 48.780058, Bingo players on my fb page losing their minds with their bank service fees with the e transfers. Lol 
weatherchaser5, Fri Feb 05 20:19:29 +0000 2021, -122.357773, 47.818623, @AdamGloss GC. We are doing a huge kitchen remodel, knocking down some walls etc. we really liked this GC but after‚Ä¶ https://t.co/5XIm0tnjtV 
Hudsonaa, Fri Feb 05 20:19:29 +0000 2021, -117.234439, 47.662577, @almightygod Gulliver‚Äôs Travels 
scottyding, Fri Feb 05 20:20:04 +0000 2021, -122.274055, 47.905972, @BroBible Lil Chicken Teriyaki &amp; Gyoza. We‚Äôre the newest power duo. Tearin up the rap game. 
BoldInterrobang, Fri Feb 05 20:20:06 +0000 2021, -122.330602, 47.614817, üíØ Garman was elevated to run Sales and Marketing not long before Wilke announced he would be leaving. He was also a‚Ä¶ https://t.co/XQyFfGE3As 
MarcPong, Fri Feb 05 20:20:11 +0000 2021, -122.330602, 47.614817, @KnicksMemes @Ken_Rosenthal https://t.co/RKRWimITkH 
scottshumake, Fri Feb 05 20:20:17 +0000 2021, -117.425000, 47.658900, Just posted a video @ Spokane, Washington https://t.co/RQEeP6cXrR 
badandytweets, Fri Feb 05 20:20:17 +0000 2021, -122.330602, 47.614817, @blizzb3ar Yessssss!!! So deserved! 
Tha_hyst, Fri Feb 05 20:20:23 +0000 2021, -122.199000, 47.617200, #NEWBEAT üî•üì¢Dropping this one the moment I turn the computer on!! And of course still dropping #beats on the‚Ä¶ https://t.co/kev8ROM9xc 
Coachvolleyball, Fri Feb 05 20:20:24 +0000 2021, -122.426906, 47.089585, @luckyjen1128 I think she's exclusive too or that's that the box says 
Tamjoestarrrr, Fri Feb 05 20:20:26 +0000 2021, -123.702260, 48.780058, Just befriend a bank teller. Get that free bank account. Save dat monie. 
Herronisland, Fri Feb 05 20:20:34 +0000 2021, -120.882482, 47.273022, @oldivory Thanks!  My phone üì± says it‚Äôs 48 outside. 
greggmaykish, Fri Feb 05 20:20:38 +0000 2021, -122.330602, 47.614817, Big day today for me... started with üèäüèª‚Äç‚ôÇÔ∏è and now some reward and hitting it with full intention and success minds‚Ä¶ https://t.co/rBDwv8DGN0 
rahunt34, Fri Feb 05 20:20:39 +0000 2021, -114.143262, 45.494552, Damn.. 
toto1229, Fri Feb 05 20:20:41 +0000 2021, -122.544736, 47.215098, @DearAuntCrabby Amen Aunt Crabby. I think she is possessed and needs a exorcism...that‚Äôs if the voices allow her to. 
Sallybeeegood, Fri Feb 05 20:20:43 +0000 2021, -120.446272, 46.597350, @svershbow I am feeling the same way.  I want to go out for a happy hour with a bunch of friends!! üòä 
ghalling, Fri Feb 05 20:20:45 +0000 2021, -120.607753, 46.599805, Elsa and Zelda ‚Äî sisters. https://t.co/VaPjZlxI5J 
connorreda, Fri Feb 05 20:20:46 +0000 2021, -122.307427, 47.792534, https://t.co/I4E7Vuk14q 
wsdot_tacoma, Fri Feb 05 20:20:46 +0000 2021, -122.430371, 47.233702, Disabled vehicle on I-5 SB at MP 133.86 near I-705/SR 7 Extension Interchange beginning at 12:17 pm on Feb. 5, 2021‚Ä¶ https://t.co/ppRRf9LlwM 
theanthonymic, Fri Feb 05 20:20:48 +0000 2021, -117.154269, 46.730822, That dog though. ü§≠üò≥ 
horseround, Fri Feb 05 20:20:49 +0000 2021, -122.022716, 47.138167, Such a lovely colorway...Almost done with this hooded cape. Hooray!...#commissions #hoodedcape #marbleyarn‚Ä¶ https://t.co/HcHVi0W3xy 
justbecause5757, Fri Feb 05 20:20:53 +0000 2021, -122.766342, 48.937986, @deanda_min3 Love them 
MJsPhotography2, Fri Feb 05 20:20:58 +0000 2021, -120.583402, 44.145437, #fineartboudoir#boudoirphotographer#boudoirphotography#boudoirstudio#beauty#fineartfriday#pnwphotographer‚Ä¶ https://t.co/VddREfCyh7 
MMarquit, Fri Feb 05 20:20:59 +0000 2021, -114.143262, 45.494552, I mean, they just voted themselves more money so they can defend against the legislation they know will cost us mon‚Ä¶ https://t.co/QTY1OPv2Bt 
bigbear5822, Fri Feb 05 20:21:10 +0000 2021, -122.923516, 47.064528, When you can't get legitimate cooperation you move on your own.Knowing President Biden position you offered nothin‚Ä¶ https://t.co/Oc0KtWyjqw 
dacort, Fri Feb 05 20:21:11 +0000 2021, -122.330602, 47.614817, Unsure if getting skinnier...or leather belt is just stretching to accommodate pandemic pooch. 
CjgbVictoria, Fri Feb 05 20:21:26 +0000 2021, -123.358379, 48.426730, @NOYB2869 @SvenTystnad That's just above the temperature where the hairs inside your nostrils freeze for a split se‚Ä¶ https://t.co/6MuqPIq76f 
Jrfreeman01, Fri Feb 05 20:21:38 +0000 2021, -122.330602, 47.614817, @KleinschmidtJD There may not be a comfortable at bat vs. LAD in any inning all season long. Relentless. 
